ID,label
1770,17th and 18th century theories of emotions
1636,17th century philosophy
5371,17th-century theories of consciousness
1721,18th century british aesthetics
986,18th century french aesthetics
1856,18th century german aesthetics
988,18th century german philosophy prior to kant
1645,18th century philosophy
1843,19th century continental philosophy
1844,19th century philosophy
5655,19th Century Romantic Aesthetics
1845,20th century continental philosophy
1647,20th century philosophy
1533,a posteriori knowledge
2071,a priori and a posteriori
2099,a priori justification and knowledge
5658,A Priorism in Moral Epistemology
5421,abduction
5386,abhidharma
5336,abilities
1,abolitionism
1908,abortion
822,absent qualia
2,absenteeism
1717,absolute and relational theories of space and motion
765,absolute knowledge
3,absolutism
4,abstract expressionism
846,abstract object
2013,abstraction
922,absurdity
6,accidentalism
7,acosmism
1823,action
1742,action at a distance in quantum mechanics
1976,action tokens
5620,Action-based Theories of Perception
955,activation value
8,activism
987,actualism
6326,Actualism and Possibilism in Ethics
5526,Adam Smith's Moral and Political Philosophy
5357,adaptationism
9,adoptionism
565,advance directives
858,aesthetic experience
854,aesthetic judgment
1959,aesthetic pleasure
859,aesthetic properties
6439,Aesthetic Testimony
10,aestheticism
614,aesthetics
6415,Aesthetics and Cognitive Science
1788,aesthetics and philosophy of art
2037,aesthetics of art
1876,aesthetics of artifacts
1878,aesthetics of food
1887,aesthetics of nature
5623,Aesthetics of the Everyday
984,affirmative action
800,african american philosophy
1652,african and african-american philosophy
5363,african ethics
1663,african metaphilosophy
615,african philosophy
1664,african philosophy of religion
1662,african sage philosophy
1666,africana aesthetics
1653,africana philosophy
1665,afro-caribbean philosophy
5522,Afro-Caribbean Philosophy
11,afrocentrism
1581,afterlife
12,ageism
5609,Agency
6452,Agent-Based Modeling in the Philosophy of Science
1375,agent-neutral vs. agent-relative reasons
1869,agent-neutral vs. agent-relative reasons for action
13,agnosticism
14,agorism
15,agrarianism
830,ai without representation
2061,aims of interpretation
1654,akan ethics and political philosophy
1655,akan philosophy of the person
1403,akan political philosophy
5657,Al-Farabi's Philosophy of Society and Religion
5649,Al-Farabi's Psychology and Epistemology
6374,al-Farabi’s Metaphysics
6318,Al-Farabi’s Philosophy of Logic and Language
16,alarmism
17,albigensianism
1817,alchemy
1421,algebra
1462,algebra of logic tradition
6267,Algebraic Propositional Logic
1391,alienation
18,alter-globalization
1416,alternative axiomatic set theories
20,altruism
1883,ambiguity
22,american exceptionalism
21,americanism
1880,ampliation and restriction
5534,Analogy and Analogical Reasoning
1508,analysis
1117,analysis of knowledge
1121,analytic feminism
617,analytic philosophy
2140,analytic philosophy in early modern india
5651,Analytic Philosophy in Latin America
1328,analytic/synthetic distinction
6413,Analytical Marxism
985,anaphora
23,anarchism
24,anarcho-capitalism
25,anarcho-communism
26,anarcho-syndicalism
1929,anarchy
5701,Ancient and Medieval Empiricism
1005,ancient atomism
1623,ancient cosmology
1139,ancient ethical theory
1624,ancient logic
1604,ancient philosophy
1846,ancient philosophy (aristotle)
799,ancient philosophy (plato)
1620,ancient physical theory
1621,ancient political philosophy
1255,ancient skepticism
1627,ancient theories of freedom and determinism
1327,ancient theories of soul
1607,ancient theories of the categories
27,anglicanism
28,anglicism
29,aniconism
966,animal behavior
812,animal cognition
6462,Animal Communication
1229,animal consciousness
1903,animal language
6244,Animal Mind
1945,animal welfare
30,animalism
6458,Animals and Religion
31,animism
618,anomalous monism
32,anthropocentrism
33,anthropomorphism
35,anti-abolitionism
34,anti-americanism
38,anti-imperialism
39,anti-intellectualism
41,anti-polonism
616,anti-realism
42,anti-semitism
43,anti-turkism
44,anti-zionism
36,anticlericalism
37,antidisestablishmentarianism
40,antinomianism
45,apollinarism
1537,appearance vs. reality
2016,appellation
5503,apperception
619,applied ethics
1045,approaches to feminist philosophy
1722,"aquinas' moral, political, and legal philosophy"
1674,arabic and islamic epistemology and philosophy of science
1675,arabic and islamic ethics and action theory
1677,arabic and islamic metaphysics
1678,arabic and islamic natural philosophy and natural science
1668,arabic and islamic philosophy
1676,arabic and islamic philosophy of language and logic
6423,Arabic and Islamic Philosophy of Mathematics
1680,arabic and islamic philosophy of religion
1679,arabic and islamic political philosophy
1681,arabic and islamic psychology and philosophy of mind
1671,arabic and islamic theological philosophy
945,arabic philosophy
930,arabic philosophy and islamic philosophy
46,archaism
1437,argument
6375,Argument and Argumentation
1379,arguments for incompatibilism
1559,arguments for the existence of god
47,arianism
48,aristotelianism
1723,aristotelianism in the renaissance
1010,aristotle and mathematics
1725,aristotle on causality
1857,aristotle on non-contradiction
1724,aristotle's biology
5364,aristotle's categories
1012,aristotle's ethics
1011,aristotle's logic
5365,aristotle's metaphysics
1855,aristotle's natural philosophy
1726,aristotle's philosophy of nature
1009,aristotle's political theory
1008,aristotle's psychology
1007,aristotle's rhetoric
2180,aristotle's theology
6386,Aristotle’s Aesthetics
5568,Arrow's Theorem
1000,artifact
890,artificial intelligence
1899,artistic events
843,artistic form
1979,artistic object
2003,artistic representation
1795,artistic style
844,artistic value
774,asceticism
1785,aspects of consciousness
1784,aspects of mind
1727,assertion
5607,Associationist Theories of Thought
1890,asylum
49,atavism
50,atheism
1006,atheism and agnosticism
51,atlanticism
52,atomism
1004,atomism from the 17th to the 20th century
1570,atonement
602,attention
53,atticism
1485,attributes
54,audism
2134,auditory perception
55,augustinism
5562,Authenticity
56,authoritarianism
1854,authority
57,autism
1113,automated reasoning
1591,autonomy
1021,autonomy in moral and political philosophy
58,averroism
620,axiology
323,axiom of choice
1452,axiomatic theories of truth
59,ba'athism
60,baalism
61,babaism
1087,backward causation
63,bagism
64,bahá'í­sm
5509,baldwin effect
65,baptism
1019,bayes' theorem
1728,bayes's theorem
1147,bayesian epistemology
2074,bayesianism
1018,beardsley's aesthetics
1998,beauty
775,behaviorism
1200,being and becoming in modern physics
1977,being and goodness
880,belief
5621,Belief Merging and Judgment Aggregation
1017,bell's theorem
66,benthamism
67,bicameralism
6285,Big Data
68,bilateralism
69,bilingualism
70,bimetallism
1016,binarium famosissimum
1015,biodiversity
621,bioethics
1330,biological altruism
2164,biological information
1782,biological notion of an individual
1052,biological notion of self and non-self
1986,biomedical ethics
1470,birth of model theory
5366,black reparations
71,blairism
5567,Blame
870,blindsight
5446,bodily awareness
2040,body
72,bogyism
73,bohemianism
1239,bohmian mechanics
5374,bohr's correspondence principle
74,bolshevism
1156,boltzmann's work in statistical physics
1474,bolzano's logic
75,bonapartism
76,bonism
1422,boolean algebra
77,boosterism
78,bossism
1510,boundaries
1729,boundary
1413,bounded rationality
5698,Bradley's Regress
6443,Bradley’s Moral Philosophy
1543,brains in a vat
80,breatharianism
1050,brentano's theory of judgement
81,bromism
82,brutalism
83,brutism
84,bruxism
85,buchmanism
86,buddhism
622,buddhist philosophy
87,bukharinism
88,bullism
1505,bundle theory
760,business ethics
89,buzaism
79,byzantine philosophy
90,caesaropapism
6268,Callicles and Thrasymachus
91,calvinism
92,cambism
6320,Cancer
93,cannibalism
94,caodaism
5436,capability approach to well-being
95,capitalism
96,careerism
97,carlism
98,cartesian dualism
99,cartesianism
863,carvaka
100,castroism
1511,categories
6324,Category Mistakes
1088,category theory
101,catharism
102,catholicism
6453,Causal Approaches to Scientific Explanation
2021,causal chain theory of reference
1410,causal decision theory
1266,causal determinism
6258,Causal Models
1080,causal processes
1699,causal theories of mental content
969,causation
1084,causation and manipulability
1683,causation and occasionalism
5624,Causation in Arabic and Islamic Thought
6350,Causation in Physics
1085,causation in the law
1897,cause and effect
5478,Cellular Automata
1407,censorship
103,centralism
104,centrism
1539,certainty
5427,ceteris paribus laws
5604,Chan Buddhism
5367,chance versus randomness
1512,change
2090,chaos
105,charlatanism
106,chartism
623,charvaka
107,chassidism
108,chauvinism
110,chemism
1079,childhood
1039,children's rights
1689,chinese and western
1692,chinese buddhism
1694,chinese ethics
624,chinese philosophy
5615,Chinese Philosophy and Chinese Medicine
6312,Chinese Philosophy of Change (Yijing)
1137,chinese room argument
1130,chinese-western comparative philosophy
625,christian existential humanism
626,christian existentialism
627,christian humanism
628,christian philosophy
763,christian theology
1950,church and state
1424,church's type theory
1135,church-turing thesis
1731,citizenship
1906,civic education
1354,civic humanism
1732,civil disobedience
1134,civil rights
1397,civil society
1956,class and work
1195,classical logic
931,classical physics
111,classicism
112,classism
113,clericalism
6354,Climate Justice
6248,Climate Science
2015,cloning
1733,coercion
2041,cognition of art
5495,Cognitive Disability and Moral Status
892,cognitive science
2007,cognitive value of art
114,cognitivism
1025,coherence theory of truth
115,coherentism
1534,coherentist theories of epistemic justification
1322,coherentist theories of justification
1238,collapse theories
5540,Collective Intentionality
1132,collective responsibility
1394,collective self-deception
116,collectivism
117,collectivist-anarchism
2150,collingwood's aesthetics
118,colloquialism
119,colonialism
1476,color
2114,combinatory logic
1455,combining logics
1971,comedy
120,commercialism
1894,common good
6460,Common Ground in Pragmatics
1131,common knowledge
1667,communal basis of african art
121,communalism
122,communism
776,communitarianism
1129,compatibilism
864,compatibilism and incompatibilism
828,compositionality
1825,compositionality and logical form
1939,computability and complexity
937,computation
936,computation and representation
5370,computation in physical systems
2082,computational complexity theory
1994,computational linguistics
1427,computational logic
6343,Computational Philosophy
811,computational sematics
1235,computational theory of mind
809,computationalism
629,computer ethics
5541,Computer Simulations in Science
1649,computing
1233,computing and moral responsibility
124,comtism
2097,concept of the aesthetic
1460,conceptions of metalogic from frege to goedel
1734,concepts
2121,concepts of disease and health
1583,concepts of god
1858,conceptual art
766,conceptualism
847,concrete object
1232,condemnation of 1277
1231,conditionals
971,confirmation
1804,confirmation and induction
630,confirmation holism
5423,conflict resolution
125,conformism
126,conformitarianism
786,confucian philosophy
127,confucianism
893,connectionism
947,connectionist model
1735,connectives
1445,connexive logic
1922,connotation
2047,conscience
2011,conscientious refusal
923,consciousness
924,consciousness and content
1227,consciousness and intentionality
961,consciousness and mental content
959,consciousness and neuroscience
958,consciousness and physics
960,consciousness and psychology
957,consciousness and science
1451,consequence relations and algebraic logic
1816,consequences
128,consequentialism
6425,Consequentializing
1277,conservation biology
129,conservatism
1276,constitutionalism
2171,constructive and intuitionistic zermelo-fraenkel set theory
2148,constructive empiricism
1251,constructive mathematics
1555,constructive set theory
1425,constructive type theory
132,constructivism
5456,Constructivism in Metaethics
6431,Constructivism in Political Philosophy
1951,constructivist theory of truth
133,consubstantiationism
134,consumerism
6378,Contemporary Africana Philosophy
1270,contemporary approaches to the social contract
1807,contemporary philosophy
874,contents of perception
5557,context of discovery
5558,context of justification
130,contextualism
1120,continental feminism
631,continental philosophy
865,continental rationalism
1513,continuant
1271,continuity and infinitesimal
1554,continuity and infinitesimals
1552,continuum hypothesis
1269,contractarianism
2035,contractualism
1429,contradiction
131,contrarianism
1637,controversies surrounding innateness
1974,convention
1199,conventionality of simultaneity
1237,copenhagen interpretation of quantum mechanics
135,corealism
136,corporatism
1024,correspondence theory of truth
1736,corruption
137,cosmism
1305,cosmological argument
1584,cosmological arguments for the existence of god
1831,cosmology
1737,cosmology and theology
138,cosmopolitanism
139,cosmotheism
942,counseling
1086,counterfactual theories of causation
2029,counterfactuals
1567,creation and conservation
140,creationism
6428,Creativity
6334,Critical Disability Theory
6387,Critical Philosophy of Race
1395,critical race theory
632,critical rationalism
790,critical theory
6284,Critical Thinking
2147,croce's aesthetics
141,cronyism
142,cubism
143,cultism
2160,cultural evolution
144,cultural relativism
1392,culture
5459,Culture and Cognitive Science
862,current philosophy
1302,curry's paradox
145,cynicism
146,czarism
633,czech philosophy
147,dadaism
634,danish philosophy
148,daoism
6330,Darwin: From Origin of Species to Descent of Man
149,darwinism
5347,david lewis's metaphysics
5648,de dicto
5647,de re
1490,death
155,decentralism
913,decision theory
2144,decision-making capacity
5359,deconstruction
635,deconstructionism
150,deconstructivism
151,decontextualism
1463,dedekind's contributions to the foundations of mathematics
636,deductive reasoning
6446,Deductivism in the Philosophy of Mathematics
1947,defaults
1738,defaults in semantics and pragmatics
1054,defeasible reasoning
152,defeatism
1430,definition
109,definition of art
2145,definition of death
1096,definition of morality
1023,deflationary theory of truth
153,deism
2142,delusion
970,demarcation
801,democracy
637,democratic transhumanism
1924,demonstration
814,dennett on consciousness
2048,denotation
1441,deontic logic
1590,deontological ethics
154,deontologism
638,deontology
5682,Dependence Logic
1928,depiction
1371,descartes and the pineal gland
1284,descartes' epistemology
1283,descartes' ethics
1739,descartes' life and works
5466,Descartes' Mathematics
1282,descartes' modal metaphysics
1281,descartes' ontological argument
1280,descartes' physics
1860,descartes' theory of ideas
6346,Descartes’ Method
1279,descriptions
5692,Descriptive Decision Theory
2028,descriptivism
1268,desert
5438,design
5338,desire
935,desires
156,despotism
1267,determinates vs. determinables
1515,determinates vs. indeterminables
157,determinism
972,determinism and indeterminism
1469,development of axiomatic set theory
1471,development of first-order logic
1472,development of intuitionistic logic
1466,development of proof theory
1832,developmental biology
158,deviatonism
1703,dewey's aesthetics
1265,dewey's moral philosophy
1264,dewey's political philosophy
1263,diagrams
777,dialectical materialism
1262,dialetheism
1454,dialogical logic
639,digital philosophy
6435,Dignity
1973,dirty hands
2039,disabilities
5633,Disability and Health Care Rationing
5641,"Disability: Health, Well-Being, and Personal Relationships"
5525,"Disability: Identity, Justice, and Rights"
159,disablism
6230,Disagreement
160,discordianism
1861,discourse representation theory
5387,discrimination
161,disestablishmentarianism
1261,disjunction
2136,disjunctive theory of perception
1527,dispositions
1955,disquotational theory of truth
2093,distinction between innate and acquired characteristics
825,distributed representation
1930,distribution
1800,distributive and economic justice
1318,distributive justice
5640,Distributive Justice and Empirical Moral Psychology
2004,disunity of science
1398,diversity
1566,divine action
1346,divine attributes
994,divine foreknowledge and human freedom
1260,divine freedom
1383,divine illumination
2012,divine law
1149,divine providence
1560,divine revelation
1572,divine simplicity
1871,division of powers
162,docetism
1258,doctrine of double effect
163,dodoism
164,dogmatism
1259,doing vs. allowing harm
1913,domination
165,dominionism
166,donatism
5643,Double Consciousness
1175,doxography of ancient philosophy
1975,dreams
167,druidism
168,dualism
907,dualism and metaphysics of mind
5441,dutch book arguments
169,dvanteism
170,dwarfism
2141,dynamic choice
5642,Dynamic Epistemic Logic
1450,dynamic logic
5373,dynamic semantics
938,dynamical system
171,dynamism
1468,early development of set theory
1335,early philosophical interpretations of general relativity
902,earth science
640,eastern philosophy
172,echoism
6396,Ecological Genetics
1769,ecology
1836,ecology and conservation
1162,economic analysis of law
1982,economic institution
1393,economic justice
1174,economics and economic justice
6404,Economics in Early Modern Philosophy
173,edwardianism
174,effeminism
175,egalitarianism
176,egocentrism
177,egoism
1173,einstein's philosophy of science
1192,einstein-podolsky-rosen argument in quantum theory
178,electromagnetism
641,eliminative materialism
179,eliminativism
1885,eliminativism about propositional attitudes
180,elitism
5445,embodied cognition
181,embolism
909,emergence
642,emergent materialism
1491,emergent properties
5434,emily elizabeth constance jones (misclassified as idea: marked for deletion)
1646,emotion
6449,Emotional Responses to Fiction
1557,emotions in the christian tradition
778,emotivism
2091,empathy
6341,Empirical Approaches to Altruism
5659,Empirical Approaches to Moral Character
1754,empirical approaches to moral psychology
182,empiricism
6278,enactivism
5368,enlightenment
1862,environmental aesthetics
643,environmental ethics
183,environmental racism
184,environmentalism
1405,envy
644,epicureanism
1771,epigenesis and preformationism
645,epiphenomenalism
1608,episteme and techne
1020,epistemic basing relation
1133,epistemic closure principle
1535,epistemic contextualism
5592,Epistemic Foundations of Game Theory
1444,epistemic logic
2083,epistemic paradox
1547,epistemic paradoxes
5697,Epistemic Self-Doubt
5451,epistemic utility arguments for probabilism
1241,epistemological problems of memory
1361,epistemological problems of perception
1538,epistemological problems of testimony
646,epistemology
5581,Epistemology in Chinese Philosophy
5432,epistemology in classical indian philosophy
6261,Epistemology in Latin America
856,epistemology of aesthetic judgment
5542,Epistemology of Geometry
2124,epistemology of modality
1026,epistemology of religion
1829,epistemology of science
1142,epsilon calculus
1772,equality
5680,Equality of Educational Opportunity
1141,equality of opportunity
1140,equivalence of mass and energy
5424,ergodic hierarchy
5564,Erotic Art
185,erotism
2027,error theory
186,escapism
1684,essence and existence
1773,essential versus accidental properties
1487,essential vs. accidental properties
187,essentialism
188,etatism
189,eternalism
6263,Eternity
1685,eternity and time
1580,Eternity in Christian Thought
1892,eternity of the world
779,ethical relativism
2009,ethical value of art
190,ethicism
647,ethics
916,ethics and art
896,ethics and information technology
5341,ethics in indian and tibetan buddhism
6355,Ethics of Artificial Intelligence and Robotics
5339,ethics of belief
2155,ethics of clinical research
6245,Ethics of Manipulation
1805,ethics of science
2178,ethics of stem cell research
191,ethnic nationalism
192,ethnocentrism
762,ethnophilosophy
1660,ethnophilosophy in africa
780,eudaimonia
1618,eudemonia
193,eudemonism
5565,Eugenics
194,eurocentrism
195,eurocommunism
1477,events
1248,everett's relative-state formulation of quantum mechanics
1542,evidence
1125,evolution
6361,Evolution and Development
820,evolution of cognition
908,evolution of consciousness
1124,evolutionary and ecological genetics
1146,evolutionary epistemology
1338,evolutionary game theory
1852,evolutionary genetics
1833,evolutionary psychology
781,evolutionary theory
6325,Evolutionary Thought Before Darwin
196,evolutionism
1478,existence
1905,existence of god
197,existentialism
2098,existentialist aesthetics
198,exotism
199,expansionism
1078,experience and perception of time
5473,Experiment in Biology
1358,experiment in physics
5552,Experimental Moral Philosophy
648,experimental philosophy
974,experimentation
975,explanation
2118,explanation in mathematics
876,explanatory gap
2159,explanatory reasons and justifying reasons
1123,exploitation
835,expression and idiom
782,expression theory of art
200,expressionism
1996,expressivism
201,externalism
1275,externalism about mental content
5532,Externalism and Self-Knowledge
202,externism
203,extremism
204,extrinsicism
205,extropism
206,fabianism
1493,facts
1569,faith
2084,faith and reason
207,falangism
5696,fallacies
1980,fallacies_(duplicate_to_remove)
649,falsificationism
1935,family
208,fanaticism
209,fascism
210,fatalism
211,fauvism
212,fecundism
213,federalism
214,feeneyism
215,feminism
1046,feminist aesthetics
2055,feminist approaches to the intersection between pragmatist and continental feminism
1030,feminist bioethics
5560,Feminist Environmental Philosophy
1043,feminist epistemology and philosophy of science
1036,feminist ethics
1034,feminist history of philosophy
842,feminist intervention
2059,feminist interventions in aesthetics
2060,feminist interventions in bioethics
2054,feminist interventions in environmental philosophy
2056,feminist interventions in epistemology
2062,feminist interventions in ethics
2050,feminist interventions in moral psychology
2058,feminist interventions in philosophy of biology
2057,feminist interventions in philosophy of science
2053,feminist interventions in the philosophy of language
2051,feminist interventions in the philosophy of law
2052,feminist interventions in the philosophy of religion
1863,feminist metaphysics
2137,feminist moral psychology
5576,Feminist Perspectives on Argumentation
5531,Feminist Perspectives on Autonomy
1044,feminist perspectives on class and work
2158,feminist perspectives on disability
5561,Feminist Perspectives on Globalization
5342,feminist perspectives on objectification
1774,feminist perspectives on power
2129,feminist perspectives on rape
1035,feminist perspectives on reproduction and the family
5344,feminist perspectives on science
2151,feminist perspectives on sex and gender
1028,feminist perspectives on sex markets
5343,feminist perspectives on the body
1032,feminist perspectives on the self
2130,feminist perspectives on trans issues
920,feminist philosophy
5435,feminist philosophy of biology
1033,feminist philosophy of language
2143,feminist philosophy of law
1029,feminist philosophy of religion
2135,feminist political philosophy
1775,feminist social epistemology
783,feminist theory
216,fenianism
217,fetishism
218,feudalism
1494,fiction
6252,Fictional Entities
1495,fictionalism
2128,fictionalism in the philosophy of mathematics
219,fideism
999,film
5691,Fine-Tuning
220,finitism
1333,finitism in geometry
1216,first-order model theory
998,fitch's paradox of knowability
1777,fitness
5425,fitting attitude theories of value
221,fogeyism
891,folk psychology
996,folk psychology as a theory
997,folk psychology as mental simulation
1565,foreknowledge and free will
5340,forgiveness
1626,form vs. matter
5586,Formal Approaches to Social Procedures
1548,formal epistemology
1163,formal learning theory
2126,formal representations of belief
222,formalism
5361,formalism in the philosophy of mathematics
1794,forms of government
223,foundationalism
1321,foundationalist theories of epistemic justification
831,frame problem
5360,francis herbert bradley's moral and political philosophy
224,francoism
1438,free logic
995,free rider problem
992,free will
1396,free-rider problem
6327,Freedom of Association
1891,freedom of expression
993,freedom of speech
225,freeganism
1340,frege's theorem and foundations for arithmetic
1464,frege-hilbert controversy
6432,Frege’s Logic
650,french materialism
791,french philosophy
1588,friendship
1436,function
1834,function and teleology
1578,function arguments for the existence of god
878,function of consciousness
1961,functional definition of art
226,functionalism
227,fundamentalism
6289,Fundamentality
1479,future contingents
228,futurism
1194,fuzzy logic
2123,gadamer's aesthetics
1633,galenism
229,gallicism
1337,game theory
1339,game theory and ethics
1596,game theory in ethics
5672,"Games, Full Abstraction and Full Completeness"
230,gaullism
231,gay liberationism
6433,Gender in Confucian Philosophy
1778,gene
1921,general relativity
2030,general will
1779,generalized quantifiers
5652,Generic Generalizations
761,genethics
5676,Genetic Drift
1875,genetic engineering
6332,Genetics
5671,Genomics and Postgenomics
1336,genotype and phenotype
232,geocentrism
233,geoism
234,georgianism
235,georgism
651,german idealism
652,german philosophy
236,germanism
1550,gettier problem
237,gigantism
5606,Global Democracy
1801,global justice
238,globalism
1347,globalization
239,gnosticism
1345,god
6399,God and Other Ultimates
823,godelian argument
241,godism
1467,goedel's incompleteness theorem
1344,goodman's aesthetics
869,goodness
653,goodness and value theory
240,goreism
242,gradualism
5597,Gratitude
962,great apes
654,greek philosophy
1670,greek sources in arabic and islamic philosophy
2017,green ideology
5520,Grounds of Moral Status
1968,group rights
243,grundyism
244,hacktivism
5627,Haecceitism
2024,happiness
875,hard problem
245,haruhiism
6407,Hate Speech
246,healthism
1343,heaven and hell
247,hedonism
2113,hegel's aesthetics
6379,Hegel's Social and Political Philosophy
248,hegelianism
5345,heidegger's aesthetics
249,heightism
251,heliocentrism
250,hellenism
1609,hellenistic medical epistemology
1610,hellenistic philosophy
252,henotheism
1171,heredity and heritability
655,hermeneutics
1631,hermetism
253,heroism
656,heterophenomenology
254,heterosexism
255,heterosexualism
948,hidden unit
5656,Hiddenness of God
6424,Higher-Order Evidence
1228,higher-order theories of consciousness
1356,hilbert's program
657,hindu philosophy
256,hinduism
1611,hippocratic medicine
257,hirsutism
2001,historical definition of art
1459,historical development of the concepts of computability
2008,historical value of art
258,historicism
1115,historicist theories of rationality
6274,History and Philosophy of Science
918,history of ethics
1847,history of feminism
917,history of logic
1789,history of philosophy
6273,History of Philosophy of Science
1841,history of science
5440,history of the ontology of art
2181,history of utilitarianism
792,history of western philosophy
6380,History of Western Philosophy of Music: Antiquity to 1800
6381,History of Western Philosophy of Music: since 1800
259,hitlerism
6311,Hobbes' Philosophy of Science
1387,hobbes's moral and political philosophy
260,hobbesianism
1198,hole argument
1480,holes
658,holism
2073,holism and indeterminacy
1373,holism and nonseparability in physics
261,homoousianism
1949,homophobia
1355,homosexuality
5688,Hope
262,horthyism
6340,Huayan Buddhism
263,hucksterism
5,human and nonhuman chimeras
953,human cognition
1972,human enhancement
2109,human genome project
956,human intelligence
6362,Human Nature
1038,human rights
264,humanism
659,humanistic
884,humanistic naturalism
2104,hume on free will
1780,hume on religion
1353,hume's aesthetics
1352,hume's moral philosophy
1864,hume's newtonianism and anti-newtonianism
5506,Humor
265,hussitism
2049,hybrid definitions of art
1447,hybrid logic
2042,hylomorphism
6364,Hyperintensionality
266,hypnotism
2034,hypothetical syllogism
6254,Ibn Rushd's Natural Philosophy
6259,Ibn Sina's Logic
5639,Ibn Sina's Metaphysics
1889,ideal observer views
267,idealism
1641,ideas
1514,identity
1191,identity and individuality in quantum theory
1351,identity of indiscernibles
1520,identity over time
1350,identity politics
818,identity theory of mind
1014,identity theory of truth
1385,identity through time
1384,idiolects
268,idolism
1686,illuminationism
1900,imagery
1896,imagination
6353,Imaginative Resistance
269,imagism
270,immanentism
1917,immateriality and unity of the intellect
1985,immigration
1582,immortality
1382,immutability
1381,impartiality
271,imperialism
1380,implicature
5600,Implicit Bias
2094,impossible worlds
5599,Imprecise Probabilities
272,impressionism
2165,incommensurability of scientific theories
1599,incommensurable values
1531,incompatibilism
1767,incompatibilist theories of free will
1250,inconsistent mathematics
5346,independence and large cardinals
1761,independence friendly logic
1453,independence-friendly logic
274,independentism
1966,indeterminacy of translation
973,indeterminism
1378,indexicals
660,indian philosophy
1551,indispensability arguments
1246,indispensability arguments in the philosophy of mathematics
273,individualism
1496,individuals
1516,individuation
661,indonesian philosophy
662,induction
663,inductionism
912,inductive logic
1790,inductive logic and decision theory
275,ineffablilism
1188,inertial frame
1960,inertial frames
2079,inference
1212,infinitary logic
6266,Infinite Regress Arguments
1553,infinity
1673,influence of arabic and islamic philosophy on jewish thought
1672,influence of arabic and islamic philosophy on the latin west
1254,influence of islamic thought on maimonides
675,informal logic
5502,Information
2092,information processing and thermodynamic entropy
5491,Information Technology and Moral Values
5450,informed consent
1506,inherence
5469,Inheritance Systems
5498,Innateness and Contemporary Theories of Cognition
2096,innateness and language
664,innatism
6437,Inner Speech
951,input unit
1377,insolubles
276,institutionalism
277,instructivism
5519,Instrumental Rationality
665,instrumentalism
793,integral theory
1586,integrity
5429,intellectual property
278,intellectualism
1439,intensional logic
1376,intensional transitive verbs
1529,intention
883,intentional stance
1325,intentionality
1326,intentionality in ancient greek philosophy
1605,intentionality in ancient philosophy
1687,intentions and intentionality
815,interactionism
1317,intergenerational justice
2157,internal and external reasons for action
1509,internal vs. external relations
666,internalism
2163,internalism and externalism
1320,internalist vs. externalist conceptions of epistemic justification
1536,internalist vs. externalist theories of epistemic justification
1802,international ethics
1324,international justice
1991,international organizations
279,internationalism
5492,Internet Research Ethics
845,interpretation
1183,interpretation and coherence in legal reasoning
1669,interpretations of arabic and islamic philosophy
1155,interpretations of probability
1169,interpretivist theories of law
1122,intersections between analytic and continental feminism
1048,intersections between pragmatist and continental feminism
2032,intertheory relations
1357,intertheory relations in physics
280,interventionism
667,intraphilism
1323,intrinsic vs. extrinsic properties
1306,intrinsic vs. extrinsic value
281,intrinsicism
2076,introspection
1545,intuition
668,intuitionism
5585,Intuitionism in Ethics
1211,intuitionistic logic
5646,Intuitionistic Type Theory
5499,invariantism
816,inverted qualia
787,iranian philosophy
282,irenicism
2002,irony
669,irrealism
283,irredentism
670,islamic philosophy
284,islamism
285,isolationism
286,jacobinism
287,jacobitism
788,jain philosophy
6430,Jaina Philosophy
288,jainism
289,jansenism
1698,japanese aesthetics
1695,japanese confucian philosophy
671,japanese philosophy
1697,japanese pure land philosophy
1696,japanese zen buddhist philosophy
290,japonism
291,jingoism
5501,Joseph Butler's Moral Philosophy
292,journalism
921,judaic philosophy
293,judaism
294,jujuism
295,juridical positivism
6393,Jury Theorems
2026,jus ad bellum
1873,jus in bello
1915,jus post bellum
672,just war theory
5670,Justice
2095,justice and access to health care
1319,justice and bad luck
2100,justice and inequality and health
1065,justice as a virtue
2068,justification
5442,justification logic
1549,justified true belief
2102,kant and hume on causality
2103,kant and hume on morality
2105,kant's account of reason
1063,kant's aesthetics and teleology
1059,kant's critique of metaphysics
1057,kant's moral philosophy
1062,kant's philosophical development
5539,Kant's Philosophy of Mathematics
1056,kant's philosophy of religion
1055,kant's philosophy of science
2106,kant's social and political philosophy
1061,kant's theory of judgment
2108,kant's transcendental arguments
6292,Kant's Transcendental Idealism
1058,kant's view of the mind and consciousness of self
2107,kant's views on space and time
6356,Kantian Conceptualism/Nonconceptualism
296,kantianism
297,kathenotheism
299,kemalism
298,keynesianism
300,kimilsungism
6398,Kinds and Origins of Evil
2075,knowledge
2069,knowledge and skepticism
813,knowledge argument
1118,knowledge by acquaintance and knowledge by description
1540,knowledge by acquaintance vs. description
5510,Knowledge How
2070,knowledge sources
1116,kochen-specker theorem
6370,Korean Confucianism
673,korean philosophy
301,laborism
302,laicism
303,lamaism
304,lamarckism
305,lancastrianism
804,language and society
5384,language and testimony in classical indian philosophy
805,language learning
882,language of thought hypothesis
5527,Large Cardinals and Determinacy
1628,late ancient aesthetics
1848,latin american and iberian philosophy
6277,Latin American Feminism
5547,Latin American Philosophy
5546,Latin American Philosophy: Metaphilosophical Foundations
6309,Latinx Philosophy
1170,law and ideology
1168,law and language
2088,law and morality
1164,laws of nature
1954,lebensphilosophie
310,left-anarchism
307,left-liberalism
306,leftism
2089,legal authority
2087,legal concepts
6388,Legal Interpretation
1185,legal obligation and authority
309,legal positivism
6372,Legal Probabilism
1184,legal punishment
2086,legal reasoning
1182,legal rights
308,legalism
5595,Legalism in Chinese Philosophy
1181,leibniz on causation
1179,leibniz on the problem of evil
1180,leibniz's ethics
5535,Leibniz's Exoteric Philosophy
1473,leibniz's influence on 19th century logic
1060,leibniz's influence on kant
2110,leibniz's modal metaphysics
1178,leibniz's philosophy of mind
2111,leibniz's philosophy of physics
311,leninism
312,lesbianism
5700,Levels of Organization in Biology
1431,liar paradox
2138,liberal feminism
313,liberalism
5636,Liberalism in Latin America
314,libertarianism
1389,liberty
1964,liberty of conscience
1764,life
1766,limits of law
1443,linear logic
1965,linguistic division of labor
315,linuxism
1244,literary forms of medieval philosophy
1898,literature
316,localism
5521,Location and Mereology
5634,Locke On Freedom
6315,Locke on Personal Identity
5461,Locke's Moral Philosophy
2112,locke's philosophy of science
1763,locke's political philosophy
317,locoism
674,logic
1196,logic and artificial intelligence
940,logic and computation
1193,logic and games
5551,Logic and Information
941,logic and language
5664,Logic and Language in Early Chinese Philosophy
1207,logic and ontology
5518,Logic and Probability
5426,logic in classical indian philosophy
1475,logic in the twelfth century
1449,logic of action
1448,logic of belief revision
1446,logic of conditionals
676,logical atomism
833,logical behaviorism
5337,logical connective
1293,logical consequence
1292,logical constant
1291,logical construction
1648,logical constructions
769,logical empiricism
934,logical form
5529,Logical Pluralism
318,logical positivism
1840,logical positivism and logical empiricism
1432,logical truth
677,logicism
6313,Logics for Analyzing Games
5673,Logics for Analyzing Power in Normal Form Games
1612,logos
319,lollardism
1587,love
1409,loyalty
320,luminism
321,lutheranism
6365,Luther’s Influence on Philosophy
322,luxemburgism
1601,lying and deception
888,machine functionalism
324,magnetism
325,malapropism
1253,malebranche's theory of ideas and vision in god
1252,mally's deontic logic
326,manichaeanism
1613,manicheism
327,manualism
6429,Many-Sorted Logic
1210,many-valued logic
1247,many-worlds interpretation of quantum mechanics
328,maoism
5530,Markets
2115,marriage and domestic partnership
329,marxism
330,marxism-leninism
331,masculism
332,masochism
2116,material constitution
333,materialism
914,mathematical logic
2117,mathematical style
1051,mathematics of boolean algebra
1497,matter
334,maximalism
335,mccarthyism
1923,meaning
904,meaning holism
1603,meaning of life
848,meaning properties
905,meaning skepticism
1190,measurement in quantum theory
5616,Measurement in Science
336,mechanism
5629,Mechanisms in Science
1688,medicine and medical philosophy
1818,medieval cosmology
1809,medieval epistemology
1810,medieval ethics
1811,medieval grammar
1812,medieval legal philosophy
1813,medieval logic
1757,medieval mereology
1814,medieval metaphysics
1815,medieval natural philosophy
678,medieval philosophy
1819,medieval philosophy of the soul
1700,medieval political philosophy
989,medieval problem of universals
1712,medieval semiotics
2173,medieval skepticism
1808,medieval theology
1329,medieval theories of analogy
1083,medieval theories of causality
1853,medieval theories of causation
1230,medieval theories of conscience
5489,Medieval Theories of Consequence
1286,medieval theories of demonstration
1759,medieval theories of future contingents
1245,medieval theories of haecceity
1820,medieval theories of matter
1218,medieval theories of modality
1076,medieval theories of obligationes
1070,medieval theories of practical reason
1027,medieval theories of relations
1256,medieval theories of singular terms
1760,medieval theories of the categories
6251,Medieval Theories of the Emotions
1243,medieval theories of the syllogism
5533,Medieval Theories of Transcendentals
337,medism
338,melanism
1758,memory
339,menshevism
1240,mental causation
925,mental content
6317,Mental Disorder (Illness)
1108,mental illness
1223,mental imagery
1222,mental representation
1040,mental representation in medieval philosophy
964,mental state
1886,mentalese
767,mentalism
340,mercantilism
679,mereological nihilism
1221,mereology
6436,Meritocracy
341,mesmerism
852,meta-axiology
2063,meta-ontology
680,meta-philosophy
342,metabolism
6408,Metaepistemology
682,metaethics
1870,metaphor
6392,Metaphysical Explanation
5589,Metaphysical Grounding
681,metaphysics
2066,metaphysics and language
5602,Metaphysics in Chinese Philosophy
853,metaphysics of aesthetic properties
1082,metaphysics of causation
897,metaphysics of mind
898,metaphysics of morals
1828,metaphysics of science
1747,method and metaphysics in plato's sophist and statesman
343,methodism
1304,methodological debates in cosmology the 1930s and 1940s
5650,Methodological Holism in the Social Sciences
1220,methodological individualism
6447,Methods in Comparative Cognition
1796,methods in feminism
344,militarism
2122,mill's moral and political philosophy
345,millennialism
346,minarchism
2067,mind
6445,Mind (Heart-Mind) in Chinese Philosophy
5348,mind in indian buddhist philosophy
819,mind-body problem
347,minimalism
1219,miracles
348,mithraism
1001,modal fictionalism
1851,modal interpretations of quantum mechanics
1290,modal interpretations of quantum theory
1209,modal logic
349,modalism
1969,modality
976,model and idealization
1884,model theoretic semantics
1217,model theory
1837,models and idealization
1756,models in science
6444,Modern Confucianism
1234,modern history of computing
1465,modern origins of modal logic
899,modern philosophy
350,modernism
6305,Modesty and Humility
2031,modistae
829,modularity
1705,modularity of mind
351,mohammedanism
352,mohism
1693,mohist canons
1215,molecular biology
1835,molecular biology and genetics
1865,molecular genetics
1214,molyneux's problem
353,monarchianism
354,monarchism
1988,monarchy
355,monetarism
356,mongolism
357,monism
2065,monism and pluralism
2025,monistic conceptions of artistic value
358,monolatrism
359,monophysitism
360,monotheism
361,monotropism
5462,Montague Semantics
1931,monty hall problem
1107,moore's moral philosophy
362,moral absolutism
2020,moral antirealism
1105,moral arguments for the existence of god
1104,moral character
1103,moral cognitivism vs. non-cognitivism
6451,Moral Decision-Making Under Uncertainty
1102,moral dilemma
6389,Moral Disagreement
866,moral epistemology
868,moral epistemology and moral reasoning
1099,moral luck
1755,moral motivation
363,moral naturalism
1101,moral non-naturalism
683,moral objectivism
1100,moral particularism
5677,Moral Particularism and Moral Generalism
6385,Moral Phenomenology
365,moral positivism
2046,moral progress
1593,moral psychology
684,moral realism
867,moral reasoning
366,moral relativism
1098,moral responsibility
6360,Moral Responsibility and the Principle of Alternative Possibilities
5553,Moral Sentimentalism
685,moral skepticism
1106,moral status of animals
6406,Moral Theory
784,moral universalism
364,moralism
2125,morality and evolutionary biology
367,mormonism
1821,motion and time
368,multiculturalism
369,multilateralism
803,multiple personalities
806,multiple realizability
1934,music
370,mysticism
123,mysticism in arabic and islamic philosophy
2018,names
371,narcissism
2010,narration
1273,narrow mental content
1888,national emergency and torture
1910,national security
373,national socialism
372,nationalism
1942,nationalism and patriotism
374,nativism
6395,Natural Deduction Systems in Logic
1498,natural kinds
6420,Natural Language Ontology
2044,natural law
1866,natural law theories
1597,natural law tradition
1095,natural law tradition in ethics
1632,natural philosophy
5608,Natural Philosophy in the Renaissance
6333,Natural Properties
1909,natural resources
1753,natural selection
1571,natural theology
5617,Natural Theology and Natural Religion
375,naturalism
5475,Naturalism in Classical Indian Philosophy
1167,naturalism in legal philosophy
2127,naturalism in the philosophy of mathematics
2174,naturalistic approaches to social construction
1145,naturalized epistemology
850,nature of art
1904,nature of language
1166,nature of law
1901,nature of meaning
376,naturism
2038,naturphilosophie
377,nazism
1094,necessary and sufficient condition
1489,necessary vs. contingent truth
6314,Needs in Moral and Political Philosophy
1981,negation
378,negativism
1661,negritude
379,neo-classicism
1691,neo-confucianism
5588,Neo-Daoism
381,neo-darwinism
686,neo-hegelianism
6232,Neo-Kantianism
900,neo-objectivism
1615,neo-platonism
1614,neo-pythagoreanism
1690,neo-taoism
386,neoclassicism
380,neoconservatism
382,neoism
6371,Neoliberalism
383,neolibertarianism
1434,neologicism
384,neopaganism
1914,neoplatonic theology
385,neoplatonism
1630,neoplatonism in the renaissance
387,neoromanticism
1635,neostoicism
388,nepotism
389,nestorianism
952,network model
879,neural correlates
946,neural network
687,neuroethics
881,neuropsychological disorder
689,neutral monism
1412,new problem of induction
688,new wittgenstein
1752,newton's philosophy
1093,"newton's views on space, time, and motion"
1642,newtonianism
1092,nietzsche's moral and political philosophy
390,nihilism
1334,nineteenth century geometry
391,nomianism
690,nominalism
1751,nominalism in metaphysics
5538,Nominalism in the Philosophy of Mathematics
1442,non-classical logic
768,non-cognitivism
873,non-conceptual content
392,non-consequentialism
2119,non-deductive methods in mathematics
393,non-interventionism
1208,non-monotonic logic
929,non-western philosophy
1274,nonconceptual mental content
1530,nondeterministic theories of will
1517,nonexistent objects
963,nonhuman animals
2131,nonidentity problem
394,nonsituationism
1417,nonwellfounded set theory
911,normative ethics
5579,Normative Theories of Rational Choice: Expected Utility
6416,Normative Theories of Rational Choice: Rivals to Expected Utility
6409,Normativity in Metaethics
2120,normativity of meaning and content
1362,notation in principia mathematica
1077,nothingness
395,nudism
396,obelism
1499,object
691,objective idealism
397,objectivism
1989,obligationes
6412,Obligations to Oneself
1806,observation
1638,occasionalism
398,occultism
399,ogreism
400,oligarchism
401,olympism
1075,omnipotence
1074,omnipresence
1577,omniscience
402,onanism
1073,ontological argument
1585,ontological arguments for the existence of god
5577,Ontological Commitment
1500,Ontological Commitment (duplicate marked for deletion)
1285,ontological dependence
1999,ontological hierarchy
403,ontologism
692,ontology
1518,ontology and information science
851,ontology of art
977,operationalism
1838,operationalism and instrumentalism
1781,optimality-theoretic and game-theoretic approaches to implicature
404,optimism
405,oralism
406,orangism
1946,ordinary language philosophy
5468,Ordinary Objects
407,orientalism
857,origin of aesthetic
1072,original position
1993,original sin
1616,orphism
1912,ostensive definition
1750,other minds
950,output unit
408,pabloism
409,pacifism
410,paganism
1786,pain
2023,painting
693,pakistani philosophy
411,paleoconservatism
412,paleolibertarianism
413,pan-africanism
414,pan-arabism
418,pan-germanism
419,pan-slavism
420,pan-turkism
694,pancritical rationalism
415,pandeism
416,panentheism
695,panpsychism
417,pantheism
421,papism
1297,paraconsistent logic
1594,paradox
1943,paradox of analysis
2133,paradox of suspense
6461,Paradox of Tragedy
1461,paradoxes and contemporary logic
1907,paradoxes of emotion
821,parallel processing
1312,parenthood and procreation
423,parliamentarism
422,parliamentism
5483,parsimony
834,parts of speech
1311,pascal's wager
1310,paternalism
424,patriotism
425,patripassianism
1617,patristic philosophy
1309,peirce's logic
1749,peirce's theory of signs
426,pelagianism
427,pentecostalism
428,peonism
2078,perception
2080,perceptual experience
5376,perceptual experience and concepts in classical indian philosophy
5684,Perceptual Learning
696,perennial philosophy
429,perennialism
1579,perfect goodness
697,perfectionism
1867,perfectionism in moral and political philosophy
1919,performance
698,peripatetic
1619,peripatetic philosophy
430,peronism
431,persianism
2064,person
1360,personal autonomy
889,personal identity
1598,personal identity and ethics
6298,Personal Relationship Goods
432,personalism
6401,Personhood in Classical Indian Philosophy
699,perspectivism
433,pessimism
1564,petitionary prayer
434,phallocentrism
435,pharaonism
965,phenomenal consciousness
5665,Phenomenal Intentionality
436,phenomenalism
1138,phenomenological approaches to ethics and information technology
1298,phenomenological approaches to self-consciousness
700,phenomenology
1563,phenomenology of religion
437,philhellenism
438,philistinism
6400,Philosophical Approaches to Work and Labor
1457,Philosophical Aspects of Multi-Modal Logic
709,philosophical counseling
5661,Philosophical Issues in Quantum Theory
915,philosophical logic
701,philosophical satanism
1827,philosophies of the particular sciences
1136,philosophy and christian theology
62,philosophy for children
1656,philosophy in anglophone africa
5605,Philosophy in Chile
1657,philosophy in francophone africa
6402,Philosophy in Han Dynasty China
5638,Philosophy in Mexico
703,philosophy of action
5618,Philosophy of Architecture
702,philosophy of art
704,philosophy of biology
6448,Philosophy of Biology in Latin America
6351,Philosophy of Biomedicine
705,philosophy of business
6331,Philosophy of Cell Biology
861,philosophy of chemistry
1730,philosophy of childhood
706,philosophy of common sense
707,philosophy of composition
903,philosophy of computer science
6397,Philosophy of Contract Law
708,philosophy of copyright
5695,Philosophy of Cosmology
802,philosophy of economics
710,philosophy of education
1776,philosophy of film
711,philosophy of history
5689,Philosophy of Immunology
6419,Philosophy of International Law
712,philosophy of language
713,philosophy of law
5637,Philosophy of Liberation
5449,philosophy of linguistics
1791,philosophy of logic
6322,Philosophy of Macroevolution
714,philosophy of mathematics
860,philosophy of medicine
6359,Philosophy of Microbiology
715,philosophy of mind
6306,Philosophy of Money and Finance
716,philosophy of nature
717,philosophy of neuroscience
718,philosophy of perception
719,philosophy of physics
720,philosophy of psychology
724,philosophy of religion
722,philosophy of science
1826,philosophy of science and the sciences
5635,Philosophy of Science in Latin America
721,philosophy of sex
919,philosophy of social science
901,philosophy of sociology
723,philosophy of space and time
6344,Philosophy of Sport
1718,philosophy of statistical mechanics
5575,Philosophy of Statistics
5686,Philosophy of Systems and Synthetic Biology
2005,philosophy of technology
6338,Philosophy of Theater
725,philosophy of war
6391,Phylogenetic Inference
726,physicalism
439,pietism
440,pilgerism
1644,pineal gland
441,plagiarism
1369,plato on friendship and eros
1366,plato on knowledge in the theaetetus
1367,plato on rhetoric and poetry
1365,plato on utopia
1748,plato's aesthetics
1370,plato's ethics
1868,plato's ethics and politics in the republic
1368,plato's middle period metaphysics and epistemology
2139,plato's myths
727,platonic realism
443,platonism
1364,platonism in metaphysics
2146,platonism in the philosophy of mathematics
442,playganism
1746,pleasure
444,plenism
1363,plural quantification
728,pluralism
5474,Pluralist Theories of Truth
445,pointillism
794,polish philosophy
447,political absolutism
1022,political authority
1877,political economy
1962,political legitimacy
1797,political morality
1799,political obligation
448,political partyism
729,political philosophy
5378,political realism in international relations
1404,political representation
5537,Political Theory
446,politicalism
1948,pollution
449,polycentrism
450,polydeism
2022,polymorphism
451,polytheism
1701,population genetics
452,populism
1308,pornography and censorship
1197,positive and negative liberty
1872,positive law
453,positivism
1307,possible object
1501,possible worlds
785,post modernism
455,post-freudianism
457,post-keynesianism
732,post-modernism
460,post-zionism
730,postanalytic philosophy
454,postcolonialism
731,posthumanism
456,postimpressionism
795,postmodern philosophy
458,postmodernism
459,poststructuralism
6269,poverty of the stimulus
1953,powers of the soul
1069,practical reason
1071,practical reason and the structure of action
1850,pragmatic arguments and belief in god
1068,pragmatic arguments for believing in god
1561,pragmatic arguments for the belief in god
1983,pragmatic theory of truth
807,pragmatics
461,pragmatism
1047,pragmatist feminism
798,pre-socratic philosophy
1765,precedent and analogy in legal reasoning
1492,predication and instantiation
6296,Prediction versus Accommodation
6265,Predictivism
1415,preferences
2033,pregnancy
5430,"pregnancy, birth, and medicine"
462,presbyterianism
463,presenteeism
464,presentism
1625,presocratic philosophy
1902,presupposition
465,priapism
1639,primary and secondary qualities
6414,Primary and Secondary Qualities in Early Modern Philosophy
466,primitivism
2149,principle of beneficence in applied ethics
1640,principle of sufficient reason
1091,prisoner's dilemma
1745,privacy
5578,Privacy and Information Technology
2152,privacy and medicine
1097,private language
1941,private language argument
1081,probabilistic causation
770,probability
939,probability and statistics
5590,Probability in Medieval and Renaissance Philosophy
1126,problem of evil
1411,problem of induction
872,problem of perception
1154,problem of the many
1984,procedural definition of art
733,process philosophy
1153,process theism
5431,progress
467,progressivism
2153,promise
1420,proof theory
5511,Proof-Theoretic Semantics
2019,proper names
2045,proper noun
2154,properties
1706,property and ownership
734,property dualism
1568,prophecy
944,propositional attitude
1152,propositional attitude reports
1859,propositional consequence relations and algebraic logic
1762,propositional dynamic logic
1418,propositional function
6438,Propositional Logic
1486,propositions
468,protectionism
469,protestantism
470,proto-capitalism
1296,provability logic
471,psilanthropism
906,psychiatry
5443,psychoanalysis
5444,psychoanalytic feminism
1918,psychological law
886,psychological relation
887,psychological theory
771,psychologism
933,psychophysical relation
932,psychophysical theory
6368,Public Goods
5349,public health ethics
1064,public justification
1399,public reason
1744,publicity
5377,pufendorf's moral and political philosophy
1743,punishment
1165,pure theory of law
5437,purpose
472,puseyism
735,pyrrhonian skepticism
736,pythagoreanism
6308,Qing Philosophy
737,qualia
1502,qualities
1933,quantifiers and quanitification
824,quantum approaches to consciousness
1768,quantum computing
1206,quantum entanglement and information
1741,quantum field theory
1740,quantum gravity
1177,quantum logic and probability theory
1158,quantum mechanics
5685,Quantum-Bayesian and Pragmatist Views of Quantum Theory
5549,Questions
1423,quine's new foundations
1161,quotation
1400,race
473,racism
1992,radical feminism
474,radicalism
475,raelism
6329,Ramsey and Intergenerational Welfare Economics
476,raptivism
477,rationalism
2072,rationalism and empiricism
1160,rationalism vs. empiricism
827,rationality
1911,rawlsian liberalism
478,reactionarism
479,reaganism
5513,Real Essence
480,realism
978,realism and anti-realism
6246,Realism and Theory Change in Science
6264,Reasons for Action: Agent-Neutral vs. Agent-Relative
849,reception
481,recidivism
1401,recognition
5626,Reconciliation
738,reconstructivism
1349,recursive function
1348,redistribution
482,redneckism
895,reduction
1842,reduction and emergence
483,reductionism
2161,reductionism in biology
739,reductive materialism
1824,reference
836,reference and denotation
1332,reflective equilibrium
740,reformational philosophy
484,regionalism
6377,Regularity and Inferential Approaches to Causation
1359,reichenbach's common cause principle
2162,reid on memory and personal identity
5362,reid's ethics
991,reism
1289,relational quantum mechanics
1484,relations
1386,relative identity
485,relativism
1295,relevance logic
486,reliabilism
1893,religion
1576,religion and morality
1558,religion and politics
1575,religion and science
5663,Religious Daoism
1042,religious diversity
1574,religious experience
741,religious humanism
1573,religious language
1629,renaissance and 16th century philosophy
1041,replication
885,representation
1226,representational theories of consciousness
772,representationalism
6303,Reproducibility of Scientific Results
1967,reproduction
1958,republic
487,republicanism
1600,repugnant conclusion
2166,respect
5570,Retributive Justice
6328,Retrocausality in Quantum Mechanics
488,revanchism
2085,revelation
6434,Reverse Mathematics
1013,revision theory of truth
489,revisionism
5690,Revolution
982,rhetoric and science
1839,rhetoric of science
490,rheumatism
491,rightism
1589,rights
1932,rights of children
1720,rigid designators
1408,risk
5574,Robert Nozick's Political Philosophy
1849,role of decoherence in quantum mechanics
1249,role of decoherence in quantum theory
492,roman catholicism
796,roman philosophy
797,romanian philosophy
1970,romantic aesthetics
493,romanticism
494,rosicrucianism
495,rousseauism
496,rugged individualism
1595,rule consequentialism
1278,rule-consequentialism
910,rule-following
6411,Rule-Following and Intentionality
1650,russell's logical atomism
2167,russell's moral philosophy
1112,russell's paradox
6323,Russellian Monism
742,russian philosophy
497,sabbatarianism
498,sabellianism
499,sadism
500,sado-masochism
501,saint-simonism
502,salvationism
503,sandinism
504,sanism
505,sapphism
506,satanism
507,scandinavism
508,scepticism
1435,schema
1895,scholastic chymistry
510,scholasticism
5484,Schopenhauer's Aesthetics
5610,Science and Chinese Philosophy
2156,science and pseudo-science
979,science and religion
980,science and society
5573,Scientific Discovery
1205,scientific explanation
5630,Scientific Method
1830,scientific methodology
5572,Scientific Objectivity
6369,Scientific Pluralism
1203,scientific progress
1202,scientific realism
5569,Scientific Reduction
5674,Scientific Representation
6352,Scientific Research and Big Data
2169,scientific revolutions
981,scientific theory
511,scientism
512,scotticism
1201,scottish philosophy in the 18th century
1713,scottish philosophy in the 19th century
1978,search engines and ethics
5497,Search Engines and Ethics
1301,secession
1426,second-order and higher-order logic
513,sectarianism
514,sectionalism
743,secular humanism
515,secularism
1957,self
1299,self-consciousness
1602,self-deception
6366,Self-Defense
808,self-knowledge
6417,Self-Locating Beliefs
1456,self-reference
1114,semantic challenges to realism
1651,semantic conceptions of information
744,semantic holism
837,semantic puzzle
838,semantic theories
840,semantics
855,semantics of aesthetic judgment
1288,sense data
1541,sense-data
2081,sensory modality
516,sensualism
1940,sentence
517,separatism
518,sesquipedalianism
1287,set theory
6293,Sex and Sexuality
519,sexism
1882,sexuality
520,shachtmanism
521,shamanism
6253,Shame
5381,shared agency
522,shiism
523,shintoism
6457,Sign Language Semantics
1990,signification
524,sikhism
1257,simplicity
1315,simpson's paradox
817,simulation theory
1997,simultaneity
1562,sin
5645,Sin in Christian Thought
1151,singular propositions
745,singularitarianism
1716,singularities and black holes in relativistic spacetimes
525,situationism
1503,situations
2172,situations in natural language semantics
526,sizism
5550,Skeptical Theism
527,skepticism
5702,Skepticism About Moral Responsibility
5477,Skepticism and Content Externalism
5644,Skepticism in Latin America
2132,skolem's paradox
528,slumism
1787,social and political philosophy
5662,Social and Political Thought in Chinese Philosophy
5544,Social Choice Theory
1388,social contract
529,social darwinism
1390,social democracy
1204,social dimensions of scientific knowledge
1144,social epistemology
1714,social institutions
1798,social justice
1236,social minimum
5496,Social Networking and Ethics
1414,social norm
6233,Social Ontology
746,social philosophy
943,social philosophy and political philosophy
530,social realism
531,socialism
532,socialist realism
533,socianism
1715,sociobiology
534,solecism
6450,Solidarity in Social and Political Philosophy
535,solipsism
6347,Song-Ming Confucianism
536,sophism
1225,sophismata
1622,sophists
1224,sorites paradox
1526,sortals
1524,sounds
537,sovereigntism
1213,sovereignty
1793,space and time
1920,spacetime
538,sparticism
1783,speaker meaning
1186,special obligations
2043,special relativity
1682,special topics in arabic and islamic philosophy
1711,species
539,speciesism
1927,speech act
540,spenglerism
2176,spinoza's modal metaphysics
1702,spinoza's physical theory
2177,spinoza's political philosophy
1172,spinoza's psychological theory
2175,spinoza's theory of attributes
6403,Spinoza’s Epistemology and Philosophy of Mind
541,spiritism
542,spiritualism
871,split brains
543,spoonerism
1606,square of opposition
1314,st. petersburg paradox
544,stalinism
545,standpatism
546,stasism
1157,states of affairs
547,statism
1148,statistical mechanics
967,statistical mechanics and thermodynamics
926,status of intentionality
548,stoicism
6442,Structural Rationality
2179,structural realism
549,structuralism
1372,structuralism in physics
6339,Structuralism in the Philosophy of Mathematics
1150,structured propositions
550,stuckism
747,subjective idealism
748,subjectivism
1926,sublimity
1504,substance
1952,substance of the soul
1440,substructural logic
2014,subsymbolic computation
826,subsymbolic representation
6288,Suffering
551,sufism
1710,suicide
1128,supererogation
1187,supertasks
1428,supervaluations
749,supervenience
5619,Supervenience in Ethics
2000,supposition and copulation
552,surrealism
553,syllogism
832,symbol system
954,symbolic processing
554,symbolism
968,symmetry and invariance
1119,symmetry and symmetry breaking
2006,syncategoremata
556,syncretism
555,syndicalism
810,syntactic analysis
841,syntax
557,tachism
558,tanzerizm
559,taoism
789,taoist philosophy
560,tarantism
1433,tarski's truth definition
1111,tarski's truth definitions
1881,taxation
561,taylorism
1110,teleological argument for god's existence
1482,teleological arguments for god's existence
1109,teleological notions in biology
1272,teleological theories of mental content
750,teleology
1987,teleosemantics
5372,temporal consciousness
1294,temporal logic
1090,temporal parts
5555,Tense and Aspect
6348,Territorial Rights and Territorial Justice
562,terrorism
5559,test
2077,testimony
5703,The Common Good
5452,the concept of emotion in classical indian philosophy
5548,The Concept of Evil
5571,The Concept of Evolution to 1872
6410,The Concept of Religion
5583,The Consistent Histories Approach to Quantum Mechanics
5678,The Donation and Sale of Human Eggs and Sperm
5458,The Donation of Human Organs
6247,The Emergence of First-Order Logic
6394,The Emotions in Early Chinese Philosophy
6300,The Epistemic Condition for Moral Responsibility
5622,The Epistemology of Visual Thinking in Mathematics
5660,The Ethics and Rationality of Voting
6260,The Ethics of Cultural Heritage 
6290,The Ethics of Vegetarianism
1936,the four causes
5512,The Lambda Calculus
5631,The Legal Concept of Evidence
5683,The Literal-Nonliteral Distinction in Classical Indian Philosophy
5516,The Logic of Mass Expressions
5505,The Metaphysics of Mass Expressions
6418,The Moral/Conventional Distinction
6299,The Neuroscience of Consciousness
5675,The Normative Status of Logic
5625,The Phenomenology of the Munich and Göttingen Circles
5591,The Philosophy of Dance
5603,The Philosophy of Digital Art
6310,The Pragmatic Theory of Truth
6363,The Psychology of Normative Cognition
5654,The Rule of Law
5453,The Sale of Human Organs
1916,the scientific method
5596,The Structure of Scientific Theories
5463,The Theory of Two Truths in India
5464,The Theory of Two Truths in Tibet
1874,the theory theory
563,theism
1963,theocracy
6440,Theodicies
1937,theological aesthetics
764,theological philosophy
1316,theological voluntarism
5528,Theoretical Terms in Science
6422,Theories of Biological Development
1303,theories of criminal law
1643,theories of emotion
1634,theories of grace
927,theories of mental content
5613,Theories of the Common Law of Contracts
1049,theories of tort law
5350,theory and bioethics
2168,theory and observation in science
1822,theory of forms
1242,theory of properties of terms
1704,theory of truth
2036,thermodynamic assymetry in time
1066,thermodynamic asymmetry in time
5681,Thick Ethical Concepts
894,thinking machine
564,thomism
1089,thought experiment
5598,Tiantai Buddhism
5388,tibetan epistemology and philosophy of language
1488,time
1067,time machine
1523,time travel
1053,time travel and modern physics
1995,toleration
1031,topics in feminism
1719,torture
566,toryism
568,totalitarianism
5632,Touch
567,tourism
1159,traditional square of opposition
1925,tragedy
949,training set
1938,trait
1528,transcendental arguments
569,transcendentalism
5517,Transcendentals
6441,Transformative Experience
570,transgenderism
571,transhumanism
2101,transitional justice
5628,Translating and Interpreting Chinese Philosophy
5543,Transmission of Justification and Warrant
572,transsexualism
573,transsubstantiationism
574,transvestism
1519,transworld identity
6316,Treating Persons as Means
1944,treatment of animals
575,tribalism
576,tricameralism
577,trinitarianism
1556,trinity
1037,tropes
578,tropism
579,trotskyism
1592,trust
1709,truth
839,truth of semantics
5351,truth value
1003,truthlikeness
1525,truthmakers
580,tsarism
581,turanism
1002,turing machine
990,turing test
5382,two-dimensional semantics
751,type physicalism
1419,type theory
5383,typelogical grammar
1507,types and tokens
582,ultraintuitionism
583,ultraleftism
584,ultramontanism
1176,uncertainty principle
5479,unconscious perception
2170,underdetermination of scientific theory
6367,Understanding
586,unicameralism
585,unificationism
587,uniformitarianism
588,unilateralism
589,unionism
590,unitarianism
591,unitarism
1300,units and levels of selection
877,unity of consciousness
983,unity of science
592,universalism
1483,universals
593,uranism
752,utilitarian bioethics
594,utilitarianism
1406,utopia and utopianism
595,utopianism
1522,vagueness
1521,vagueness of composition
1792,value
1546,value of knowledge
928,value pluralism
754,value theory
753,value-pluralism
596,vandalism
5507,Varieties of Modality
597,veganism
598,vegetarianism
755,verificationism
599,victorianism
1143,virtue epistemology
756,virtue ethics
1879,virtues and vices
757,vitalism
773,voluntarism
1127,voluntary euthanasia
1189,von neumann and dirac's contributions to quantum theory
600,vorticism
1402,voting
5439,voting methods
601,voyeurism
603,wahhabism
1481,war
1803,war and pacifism
1532,weakness of will
6301,Welfarism
1331,well-being
758,western philosophy
604,whiggism
605,whitlamism
1544,wisdom
1342,wittgenstein's aesthetics
1341,wittgenstein's logical atomism
2182,wittgenstein's philosophy of mathematics
606,witticism
5611,Word Meaning
1708,world government
1707,wyclif's political philosophy
607,xenocentrism
608,yellow journalism
609,yezidism
1659,yoruba ethics and aesthetics
1658,yoruba philosophy
610,zapatism
759,zen buddhism
1313,zeno's paradoxes
5523,Zermelo's Axiomatization of Set Theory
611,zionism
1374,zombies
612,zoroastrianism
613,zwingliism
